{"schema":6,"addons":[{"id":"langpack-zh-CN@firefox.mozilla.org","icons":{"32":"https://addons.mozilla.org/static-server/img/addon-icons/default-32.png","64":"https://addons.mozilla.org/static-server/img/addon-icons/default-64.png","128":"https://addons.mozilla.org/static-server/img/addon-icons/default-128.png"},"name":"Chinese Simplified (zh-CN) Language Pack","version":"146.0.20251121.110812","sourceURI":"https://addons.mozilla.org/firefox/downloads/file/4624768/chinese_simplified_zh_cn_la-146.0.20251121.110812.xpi","homepageURL":null,"supportURL":null,"amoListingURL":"https://addons.mozilla.org/zh-CN/firefox/addon/chinese-simplified-zh-cn-la/","description":"Chinese Simplified (zh-CN) Language Pack","fullDescription":null,"weeklyDownloads":84,"type":"locale","creator":{"name":"Firefox","url":"https://addons.mozilla.org/zh-CN/firefox/user/4757633/"},"developers":[],"screenshots":[],"contributionURL":"","averageRating":4.5621,"reviewCount":49,"reviewURL":"https://addons.mozilla.org/zh-CN/firefox/addon/chinese-simplified-zh-cn-la/reviews/","updateDate":1763730927000},{"id":"{a6fd85ed-e919-4a43-a5af-8da18bda539f}","icons":{"32":"https://addons.mozilla.org/user-media/addon_icons/2/2079-32.png?modified=15c71f21","64":"https://addons.mozilla.org/user-media/addon_icons/2/2079-64.png?modified=15c71f21","128":"https://addons.mozilla.org/user-media/addon_icons/2/2079-128.png?modified=15c71f21"},"name":"Selenium IDE","version":"3.17.4","sourceURI":"https://addons.mozilla.org/firefox/downloads/file/3896650/selenium_ide-3.17.4.xpi","homepageURL":"https://github.com/SeleniumHQ/selenium-ide","supportURL":"http://groups.google.com/group/selenium-users","amoListingURL":"https://addons.mozilla.org/zh-CN/firefox/addon/selenium-ide/","description":"Selenium IDE is an integrated development environment for Selenium tests. It is implemented as a Firefox extension, and allows you to record, edit, and debug tests.","fullDescription":"The new Selenium IDE is designed to record your interactions with websites to help you generate and maintain site automation, tests, and remove the need to manually step through repetitive takes. Features include:\n\n* Recording and playing back tests on Firefox and Chrome.\n* Organizing tests into suites for easy management.\n* Saving and loading scripts, for later playback.","weeklyDownloads":2367,"type":"extension","creator":{"name":"Selenium","url":"https://addons.mozilla.org/zh-CN/firefox/user/13759230/"},"developers":[],"screenshots":[{"url":"https://addons.mozilla.org/user-media/previews/full/200/200459.png?modified=1622132269","width":640,"height":400,"thumbnailURL":"https://addons.mozilla.org/user-media/previews/thumbs/200/200459.jpg?modified=1622132269","thumbnailWidth":533,"thumbnailHeight":333},{"url":"https://addons.mozilla.org/user-media/previews/full/200/200460.png?modified=1622132270","width":640,"height":400,"thumbnailURL":"https://addons.mozilla.org/user-media/previews/thumbs/200/200460.jpg?modified=1622132270","thumbnailWidth":533,"thumbnailHeight":333},{"url":"https://addons.mozilla.org/user-media/previews/full/200/200461.png?modified=1622132272","width":640,"height":400,"thumbnailURL":"https://addons.mozilla.org/user-media/previews/thumbs/200/200461.jpg?modified=1622132272","thumbnailWidth":533,"thumbnailHeight":333}],"contributionURL":"","averageRating":4.3157,"reviewCount":84,"reviewURL":"https://addons.mozilla.org/zh-CN/firefox/addon/selenium-ide/reviews/","updateDate":1644510257000}]}