{"schemaVersion":37,"addons":[{"id":"data-leak-blocker@mozilla.com","syncGUID":"{2d4c775e-e56d-4fad-adda-4e0a73e81f99}","version":"144.0.0","type":"extension","loader":null,"updateURL":null,"installOrigins":null,"manifestVersion":2,"optionsURL":null,"optionsType":null,"optionsBrowserStyle":true,"aboutURL":null,"defaultLocale":{"name":"Data Leak Blocker","description":"","creator":null,"developers":null,"translators":null,"contributors":null},"visible":true,"active":true,"userDisabled":false,"appDisabled":false,"embedderDisabled":false,"applyBackgroundUpdates":1,"skinnable":false,"sourceURI":null,"releaseNotesURI":null,"softDisabled":false,"foreignInstall":false,"strictCompatibility":true,"locales":[],"targetApplications":[{"id":"toolkit@mozilla.org","minVersion":"139.0","maxVersion":null}],"targetPlatforms":[],"signedDate":null,"seen":true,"dependencies":[],"incognito":"spanning","userPermissions":{"permissions":["mozillaAddons"],"origins":[],"data_collection":[]},"optionalPermissions":{"permissions":[],"origins":[],"data_collection":[]},"requestedPermissions":{"permissions":[],"origins":[],"data_collection":[]},"icons":{},"iconURL":null,"blocklistAttentionDismissed":false,"blocklistState":0,"blocklistURL":null,"startupData":null,"hidden":true,"installTelemetryInfo":null,"recommendationState":null,"rootURI":"resource://builtin-addons/data-leak-blocker/","location":"app-builtin-addons"},{"id":"formautofill@mozilla.org","syncGUID":"{c71e6f08-08b2-42b1-a255-b889e4bfc977}","version":"1.0.1","type":"extension","loader":null,"updateURL":null,"installOrigins":null,"manifestVersion":2,"optionsURL":null,"optionsType":null,"optionsBrowserStyle":true,"aboutURL":null,"defaultLocale":{"name":"Form Autofill","creator":null,"developers":null,"translators":null,"contributors":null},"visible":true,"active":true,"userDisabled":false,"appDisabled":false,"embedderDisabled":false,"applyBackgroundUpdates":1,"skinnable":false,"sourceURI":null,"releaseNotesURI":null,"softDisabled":false,"foreignInstall":false,"strictCompatibility":true,"locales":[],"targetApplications":[{"id":"toolkit@mozilla.org","minVersion":null,"maxVersion":null}],"targetPlatforms":[],"signedDate":null,"seen":true,"dependencies":[],"incognito":"spanning","userPermissions":{"permissions":[],"origins":[],"data_collection":[]},"optionalPermissions":{"permissions":[],"origins":[],"data_collection":[]},"requestedPermissions":{"permissions":[],"origins":[],"data_collection":[]},"icons":{},"iconURL":null,"blocklistAttentionDismissed":false,"blocklistState":0,"blocklistURL":null,"startupData":null,"hidden":true,"installTelemetryInfo":null,"recommendationState":null,"rootURI":"resource://builtin-addons/formautofill/","location":"app-builtin-addons"},{"id":"ipp-activator@mozilla.com","syncGUID":"{b416b92d-1dd5-4256-a29e-1233f8cbbb84}","version":"0.1","type":"extension","loader":null,"updateURL":null,"installOrigins":null,"manifestVersion":2,"optionsURL":null,"optionsType":null,"optionsBrowserStyle":true,"aboutURL":null,"defaultLocale":{"name":"IPP Activator","description":"A system add-on to activate IPP in 143","creator":null,"developers":null,"translators":null,"contributors":null},"visible":true,"active":true,"userDisabled":false,"appDisabled":false,"embedderDisabled":false,"applyBackgroundUpdates":1,"skinnable":false,"sourceURI":null,"releaseNotesURI":null,"softDisabled":false,"foreignInstall":false,"strictCompatibility":true,"locales":[],"targetApplications":[{"id":"toolkit@mozilla.org","minVersion":"143.0","maxVersion":null}],"targetPlatforms":[],"signedDate":null,"seen":true,"dependencies":[],"incognito":"spanning","userPermissions":{"permissions":["tabs","cookies","webRequest"],"origins":["<all_urls>"],"data_collection":[]},"optionalPermissions":{"permissions":[],"origins":[],"data_collection":[]},"requestedPermissions":{"permissions":[],"origins":[],"data_collection":[]},"icons":{},"iconURL":null,"blocklistAttentionDismissed":false,"blocklistState":0,"blocklistURL":null,"startupData":null,"hidden":true,"installTelemetryInfo":null,"recommendationState":null,"rootURI":"resource://builtin-addons/ipp-activator/","location":"app-builtin-addons"},{"id":"newtab@mozilla.org","syncGUID":"{c52ac253-dfc2-46b0-abde-63db1ae8f420}","version":"145.2.0","type":"extension","loader":null,"updateURL":null,"installOrigins":null,"manifestVersion":2,"optionsURL":null,"optionsType":null,"optionsBrowserStyle":true,"aboutURL":null,"defaultLocale":{"name":"New Tab","description":"","creator":null,"developers":null,"translators":null,"contributors":null},"visible":true,"active":true,"userDisabled":false,"appDisabled":false,"embedderDisabled":false,"applyBackgroundUpdates":1,"skinnable":false,"sourceURI":null,"releaseNotesURI":null,"softDisabled":false,"foreignInstall":false,"strictCompatibility":true,"locales":[],"targetApplications":[{"id":"toolkit@mozilla.org","minVersion":"142.0a1","maxVersion":null}],"targetPlatforms":[],"signedDate":null,"seen":true,"dependencies":[],"incognito":"spanning","userPermissions":{"permissions":[],"origins":[],"data_collection":[]},"optionalPermissions":{"permissions":[],"origins":[],"data_collection":[]},"requestedPermissions":{"permissions":[],"origins":[],"data_collection":[]},"icons":{},"iconURL":null,"blocklistAttentionDismissed":false,"blocklistState":0,"blocklistURL":null,"startupData":null,"hidden":true,"installTelemetryInfo":null,"recommendationState":null,"rootURI":"resource://builtin-addons/newtab/","location":"app-builtin-addons"},{"id":"pictureinpicture@mozilla.org","syncGUID":"{0777484f-f817-4245-bcf8-3f70dbac712e}","version":"1.0.0","type":"extension","loader":null,"updateURL":null,"installOrigins":null,"manifestVersion":2,"optionsURL":null,"optionsType":null,"optionsBrowserStyle":true,"aboutURL":null,"defaultLocale":{"name":"Picture-In-Picture","description":"Fixes for web compatibility with Picture-in-Picture","creator":null,"developers":null,"translators":null,"contributors":null},"visible":true,"active":true,"userDisabled":false,"appDisabled":false,"embedderDisabled":false,"applyBackgroundUpdates":1,"skinnable":false,"sourceURI":null,"releaseNotesURI":null,"softDisabled":false,"foreignInstall":false,"strictCompatibility":true,"locales":[],"targetApplications":[{"id":"toolkit@mozilla.org","minVersion":"88.0a1","maxVersion":null}],"targetPlatforms":[],"signedDate":null,"seen":true,"dependencies":[],"incognito":"spanning","userPermissions":{"permissions":[],"origins":[],"data_collection":[]},"optionalPermissions":{"permissions":[],"origins":[],"data_collection":[]},"requestedPermissions":{"permissions":[],"origins":[],"data_collection":[]},"icons":{},"iconURL":null,"blocklistAttentionDismissed":false,"blocklistState":0,"blocklistURL":null,"startupData":null,"hidden":true,"installTelemetryInfo":null,"recommendationState":null,"rootURI":"resource://builtin-addons/pictureinpicture/","location":"app-builtin-addons"},{"id":"addons-search-detection@mozilla.com","syncGUID":"{ee1a8c78-9b2f-4ea6-b75f-0d1c3d898dfa}","version":"3.0.0","type":"extension","loader":null,"updateURL":null,"installOrigins":null,"manifestVersion":2,"optionsURL":null,"optionsType":null,"optionsBrowserStyle":true,"aboutURL":null,"defaultLocale":{"name":"Add-ons Search Detection","description":"","creator":null,"developers":null,"translators":null,"contributors":null},"visible":true,"active":true,"userDisabled":false,"appDisabled":false,"embedderDisabled":false,"applyBackgroundUpdates":1,"skinnable":false,"sourceURI":null,"releaseNotesURI":null,"softDisabled":false,"foreignInstall":false,"strictCompatibility":true,"locales":[],"targetApplications":[{"id":"toolkit@mozilla.org","minVersion":null,"maxVersion":null}],"targetPlatforms":[],"signedDate":null,"seen":true,"dependencies":[],"incognito":"spanning","userPermissions":{"permissions":["telemetry","webRequest","webRequestBlocking"],"origins":["<all_urls>"],"data_collection":[]},"optionalPermissions":{"permissions":[],"origins":[],"data_collection":[]},"requestedPermissions":{"permissions":[],"origins":[],"data_collection":[]},"icons":{},"iconURL":null,"blocklistAttentionDismissed":false,"blocklistState":0,"blocklistURL":null,"startupData":null,"hidden":true,"installTelemetryInfo":null,"recommendationState":null,"rootURI":"resource://builtin-addons/search-detection/","location":"app-builtin-addons"},{"id":"webcompat@mozilla.org","syncGUID":"{c69ca46b-0a07-41fb-938b-fa09aff65d1c}","version":"145.10.0","type":"extension","loader":null,"updateURL":null,"installOrigins":null,"manifestVersion":2,"optionsURL":null,"optionsType":null,"optionsBrowserStyle":true,"aboutURL":null,"defaultLocale":{"name":"Web Compatibility Interventions","description":"Urgent post-release fixes for web compatibility.","creator":null,"developers":null,"translators":null,"contributors":null},"visible":false,"active":false,"userDisabled":false,"appDisabled":false,"embedderDisabled":false,"applyBackgroundUpdates":1,"skinnable":false,"sourceURI":null,"releaseNotesURI":null,"softDisabled":false,"foreignInstall":false,"strictCompatibility":true,"locales":[],"targetApplications":[{"id":"toolkit@mozilla.org","minVersion":"102.0","maxVersion":null}],"targetPlatforms":[],"signedDate":null,"seen":true,"dependencies":[],"incognito":"spanning","userPermissions":{"permissions":["cookies","mozillaAddons","scripting","tabs","webNavigation","webRequest","webRequestBlocking"],"origins":["<all_urls>"],"data_collection":[]},"optionalPermissions":{"permissions":[],"origins":[],"data_collection":[]},"requestedPermissions":{"permissions":[],"origins":[],"data_collection":[]},"icons":{},"iconURL":null,"blocklistAttentionDismissed":false,"blocklistState":0,"blocklistURL":null,"startupData":null,"hidden":true,"installTelemetryInfo":null,"recommendationState":null,"rootURI":"resource://builtin-addons/webcompat/","location":"app-builtin-addons"},{"id":"langpack-zh-CN@firefox.mozilla.org","syncGUID":"{61fcc2f5-9564-43a0-b51b-e9d3e2d78b4a}","version":"145.0.20251118.22223","type":"locale","loader":null,"updateURL":null,"installOrigins":null,"manifestVersion":2,"optionsURL":null,"optionsType":null,"optionsBrowserStyle":true,"aboutURL":null,"defaultLocale":{"name":"Language: 简体中文 (Simplified Chinese)","description":"Firefox Language Pack for 简体中文 (zh-CN) – Simplified Chinese","creator":"Mozest (contributors: Wen Shaohua, Jin Jian, Rongjun Mu, Xie Yanbo, Cathayan, YFdyh000, xcffl, Shen Hao, Liu Xing)","developers":null,"translators":null,"contributors":null},"visible":true,"active":true,"userDisabled":false,"appDisabled":false,"embedderDisabled":false,"installDate":1763668905000,"updateDate":1763668905000,"applyBackgroundUpdates":1,"path":"/usr/lib/firefox/browser/extensions/langpack-zh-CN@firefox.mozilla.org.xpi","skinnable":false,"sourceURI":null,"releaseNotesURI":null,"softDisabled":false,"foreignInstall":true,"strictCompatibility":true,"locales":[],"targetApplications":[{"id":"toolkit@mozilla.org","minVersion":"145.0","maxVersion":"145.*"}],"targetPlatforms":[],"signedDate":null,"seen":true,"dependencies":[],"userPermissions":null,"optionalPermissions":null,"requestedPermissions":null,"icons":{},"iconURL":null,"blocklistAttentionDismissed":false,"blocklistState":0,"blocklistURL":null,"startupData":{"chromeEntries":[["locale","app-marketplace-icons","zh-CN","browser/chrome/browser/locale/zh-CN/app-marketplace-icons/"],["locale","branding","zh-CN","browser/chrome/zh-CN/locale/branding/"],["locale","browser","zh-CN","browser/chrome/zh-CN/locale/browser/"],["locale","browser-region","zh-CN","browser/chrome/zh-CN/locale/browser-region/"],["locale","devtools","zh-CN","browser/chrome/zh-CN/locale/zh-CN/devtools/client/"],["locale","devtools-shared","zh-CN","browser/chrome/zh-CN/locale/zh-CN/devtools/shared/"],["locale","alerts","zh-CN","chrome/zh-CN/locale/zh-CN/alerts/"],["locale","autoconfig","zh-CN","chrome/zh-CN/locale/zh-CN/autoconfig/"],["locale","global","zh-CN","chrome/zh-CN/locale/zh-CN/global/"],["locale","global-platform","zh-CN","chrome/zh-CN/locale/zh-CN/global-platform/unix/"],["locale","mozapps","zh-CN","chrome/zh-CN/locale/zh-CN/mozapps/"],["locale","necko","zh-CN","chrome/zh-CN/locale/zh-CN/necko/"],["locale","passwordmgr","zh-CN","chrome/zh-CN/locale/zh-CN/passwordmgr/"],["locale","pipnss","zh-CN","chrome/zh-CN/locale/zh-CN/pipnss/"],["locale","pippki","zh-CN","chrome/zh-CN/locale/zh-CN/pippki/"],["locale","places","zh-CN","chrome/zh-CN/locale/zh-CN/places/"]],"langpackId":"langpack-zh-CN-browser","l10nRegistrySources":{"toolkit":"","browser":"browser/"},"languages":["zh-CN"]},"hidden":false,"installTelemetryInfo":{"source":"app-global","method":"sideload"},"recommendationState":null,"rootURI":"jar:file:///usr/lib/firefox/browser/extensions/langpack-zh-CN@firefox.mozilla.org.xpi!/","location":"app-global"},{"id":"default-theme@mozilla.org","syncGUID":"{2cdaa603-cd2f-46f1-81fa-970bc2d04454}","version":"1.4.2","type":"theme","loader":null,"updateURL":null,"installOrigins":null,"manifestVersion":2,"optionsURL":null,"optionsType":null,"optionsBrowserStyle":true,"aboutURL":null,"defaultLocale":{"name":"System theme — auto","description":"Follow the operating system setting for buttons, menus, and windows.","creator":"Mozilla","developers":null,"translators":null,"contributors":null},"visible":true,"active":true,"userDisabled":false,"appDisabled":false,"embedderDisabled":false,"installDate":1763807511766,"applyBackgroundUpdates":1,"path":null,"skinnable":false,"sourceURI":null,"releaseNotesURI":null,"softDisabled":false,"foreignInstall":false,"strictCompatibility":true,"locales":[],"targetApplications":[{"id":"toolkit@mozilla.org","minVersion":null,"maxVersion":null}],"targetPlatforms":[],"signedDate":null,"seen":true,"dependencies":[],"userPermissions":null,"optionalPermissions":null,"requestedPermissions":null,"icons":{"32":"icon.svg"},"iconURL":null,"blocklistAttentionDismissed":false,"blocklistState":0,"blocklistURL":null,"startupData":null,"hidden":false,"installTelemetryInfo":null,"recommendationState":null,"rootURI":"resource://default-theme/","location":"app-builtin"},{"id":"{a6fd85ed-e919-4a43-a5af-8da18bda539f}","syncGUID":"{063b5a19-9ed2-4a69-80b0-6dd66917abeb}","version":"3.17.4","type":"extension","loader":null,"installOrigins":null,"manifestVersion":2,"optionsURL":null,"optionsType":null,"optionsBrowserStyle":true,"aboutURL":null,"defaultLocale":{"name":"Selenium IDE","description":"Selenium Record and Playback tool for ease of getting acquainted with Selenium WebDriver.","creator":null,"homepageURL":"https://github.com/SeleniumHQ/selenium-ide","developers":null,"translators":null,"contributors":null},"visible":true,"active":true,"userDisabled":false,"appDisabled":false,"embedderDisabled":false,"installDate":1763807513689,"updateDate":1763807513689,"applyBackgroundUpdates":1,"path":"/home/headless/.mozilla/firefox/x80m5v6f.default-release/extensions/{a6fd85ed-e919-4a43-a5af-8da18bda539f}.xpi","skinnable":false,"sourceURI":"file:///app/firefox-plugin/selenium-ide.xpi","releaseNotesURI":null,"softDisabled":false,"foreignInstall":false,"strictCompatibility":true,"locales":[],"targetApplications":[{"id":"toolkit@mozilla.org","minVersion":"48.0","maxVersion":"*"}],"targetPlatforms":[],"signedState":2,"signedTypes":[2,0],"signedDate":1644510252000,"seen":true,"dependencies":[],"incognito":"spanning","userPermissions":{"permissions":["tabs","activeTab","contextMenus","downloads","webNavigation","storage"],"origins":["<all_urls>"],"data_collection":[]},"optionalPermissions":{"permissions":[],"origins":[],"data_collection":[]},"requestedPermissions":{"permissions":[],"origins":[],"data_collection":[]},"icons":{"16":"icons/icon16.png","32":"icons/icon32.png","64":"icons/icon64.png","128":"icons/icon128.png"},"iconURL":null,"blocklistAttentionDismissed":false,"blocklistState":0,"blocklistURL":null,"startupData":null,"hidden":false,"installTelemetryInfo":{"source":"enterprise-policy"},"recommendationState":null,"rootURI":"jar:file:///home/headless/.mozilla/firefox/x80m5v6f.default-release/extensions/%7Ba6fd85ed-e919-4a43-a5af-8da18bda539f%7D.xpi!/","location":"app-profile"},{"id":"firefox-compact-light@mozilla.org","syncGUID":"{7ee68fff-424f-400e-8242-1fc1cbf09ced}","version":"1.3.3","type":"theme","loader":null,"updateURL":null,"installOrigins":null,"manifestVersion":2,"optionsURL":null,"optionsType":null,"optionsBrowserStyle":true,"aboutURL":null,"defaultLocale":{"name":"Light","description":"A theme with a light color scheme.","creator":"Mozilla","developers":null,"translators":null,"contributors":null},"visible":true,"active":false,"userDisabled":true,"appDisabled":false,"embedderDisabled":false,"installDate":1763807514715,"applyBackgroundUpdates":1,"path":null,"skinnable":false,"sourceURI":null,"releaseNotesURI":null,"softDisabled":false,"foreignInstall":false,"strictCompatibility":true,"locales":[],"targetApplications":[{"id":"toolkit@mozilla.org","minVersion":null,"maxVersion":null}],"targetPlatforms":[],"signedDate":null,"seen":true,"dependencies":[],"userPermissions":null,"optionalPermissions":null,"requestedPermissions":null,"icons":{"32":"icon.svg"},"iconURL":null,"blocklistAttentionDismissed":false,"blocklistState":0,"blocklistURL":null,"startupData":null,"hidden":false,"installTelemetryInfo":null,"recommendationState":null,"rootURI":"resource://builtin-themes/light/","location":"app-builtin"},{"id":"firefox-compact-dark@mozilla.org","syncGUID":"{ada3415f-a3fd-434e-90e7-0804528d9e17}","version":"1.3.3","type":"theme","loader":null,"updateURL":null,"installOrigins":null,"manifestVersion":2,"optionsURL":null,"optionsType":null,"optionsBrowserStyle":true,"aboutURL":null,"defaultLocale":{"name":"Dark","description":"A theme with a dark color scheme.","creator":"Mozilla","developers":null,"translators":null,"contributors":null},"visible":true,"active":false,"userDisabled":true,"appDisabled":false,"embedderDisabled":false,"installDate":1763807514716,"applyBackgroundUpdates":1,"path":null,"skinnable":false,"sourceURI":null,"releaseNotesURI":null,"softDisabled":false,"foreignInstall":false,"strictCompatibility":true,"locales":[],"targetApplications":[{"id":"toolkit@mozilla.org","minVersion":null,"maxVersion":null}],"targetPlatforms":[],"signedDate":null,"seen":true,"dependencies":[],"userPermissions":null,"optionalPermissions":null,"requestedPermissions":null,"icons":{"32":"icon.svg"},"iconURL":null,"blocklistAttentionDismissed":false,"blocklistState":0,"blocklistURL":null,"startupData":null,"hidden":false,"installTelemetryInfo":null,"recommendationState":null,"rootURI":"resource://builtin-themes/dark/","location":"app-builtin"},{"id":"firefox-alpenglow@mozilla.org","syncGUID":"{e3c3a0c7-6a20-4d28-8e3b-5421cf05b326}","version":"1.5.1","type":"theme","loader":null,"updateURL":null,"installOrigins":null,"manifestVersion":2,"optionsURL":null,"optionsType":null,"optionsBrowserStyle":true,"aboutURL":null,"defaultLocale":{"name":"Firefox Alpenglow","description":"Use a colorful appearance for buttons, menus, and windows.","creator":"Mozilla","developers":null,"translators":null,"contributors":null},"visible":true,"active":false,"userDisabled":true,"appDisabled":false,"embedderDisabled":false,"installDate":1763807514717,"applyBackgroundUpdates":1,"path":null,"skinnable":false,"sourceURI":null,"releaseNotesURI":null,"softDisabled":false,"foreignInstall":false,"strictCompatibility":true,"locales":[],"targetApplications":[{"id":"toolkit@mozilla.org","minVersion":null,"maxVersion":null}],"targetPlatforms":[],"signedDate":null,"seen":true,"dependencies":[],"userPermissions":null,"optionalPermissions":null,"requestedPermissions":null,"icons":{"32":"icon.svg"},"iconURL":null,"blocklistAttentionDismissed":false,"blocklistState":0,"blocklistURL":null,"startupData":null,"hidden":false,"installTelemetryInfo":null,"recommendationState":null,"rootURI":"resource://builtin-themes/alpenglow/","location":"app-builtin"},{"id":"webcompat@mozilla.org","syncGUID":"{431109c4-2053-43cf-a9e2-daf5b2bb665c}","version":"147.6.20251121.151608","type":"extension","loader":null,"updateURL":null,"installOrigins":null,"manifestVersion":2,"optionsURL":null,"optionsType":null,"optionsBrowserStyle":true,"aboutURL":null,"defaultLocale":{"name":"Web Compatibility Interventions","description":"Urgent post-release fixes for web compatibility.","creator":null,"developers":null,"translators":null,"contributors":null},"visible":true,"active":true,"userDisabled":false,"appDisabled":false,"embedderDisabled":false,"installDate":1763807575515,"updateDate":1763807575515,"applyBackgroundUpdates":1,"path":"/home/headless/.mozilla/firefox/x80m5v6f.default-release/features/{f34c6322-11b1-4d06-a112-6cf77118299c}/webcompat@mozilla.org.xpi","skinnable":false,"sourceURI":"file:///tmp/tmpaddon","releaseNotesURI":null,"softDisabled":false,"foreignInstall":false,"strictCompatibility":true,"locales":[],"targetApplications":[{"id":"toolkit@mozilla.org","minVersion":"102.0","maxVersion":null}],"targetPlatforms":[],"signedState":3,"signedTypes":[2,1],"signedDate":1763739472000,"seen":true,"dependencies":[],"incognito":"spanning","userPermissions":{"permissions":["cookies","mozillaAddons","scripting","tabs","webNavigation","webRequest","webRequestBlocking"],"origins":["<all_urls>"],"data_collection":[]},"optionalPermissions":{"permissions":[],"origins":[],"data_collection":[]},"requestedPermissions":{"permissions":[],"origins":[],"data_collection":[]},"icons":{},"iconURL":null,"blocklistAttentionDismissed":false,"blocklistState":0,"blocklistURL":null,"startupData":null,"hidden":true,"installTelemetryInfo":{"source":"system-addon","method":"product-updates"},"recommendationState":null,"rootURI":"jar:file:///home/headless/.mozilla/firefox/x80m5v6f.default-release/features/%7Bf34c6322-11b1-4d06-a112-6cf77118299c%7D/webcompat@mozilla.org.xpi!/","location":"app-system-addons"}]}