{"hashes":{"025a90d4b53a4b7caaf4fa2a4538ee808bcebcf35541a32ded5268ec49000d66":{"appid":"hfnkpimlhhgieaddgfemjhofmfblmnib","fp":""},"0925033b2fad413c42ebcf0a6c7e86e31d65b6bfb34dd19f3fa315b32f6b5a6c":{"appid":"ggkkehgbnfjpeggfpleeakpidbkibbmn","fp":""},"220f906777a5ca8a28c0d7bb742912805fb6f93b262abc897f372213fc9841ef":{"appid":"jflookgnkcckhobaglndicnbbgbonegd","fp":""},"221e69c75d2ebd901f43b49f837382c045686b79ba68ba6ace4a7e0a20cd9177":{"appid":"bjbcblmdcnggnibecjikpoljcgkbgphl","fp":""},"2be74d0afadd4c9b2ee33695e1f81fc5ce5dc3016cd8a13cfa0e1f0b571834ea":{"appid":"llkgjffcdpffmhiakmfcdcblohccpfmo","fp":""},"38582b0c9b1c6d2f052dc20f30201c30698f3c6a4f3da4567991bf5629b1fa94":{"appid":"ldfkbgjbencjpgjfleiooeldhjdapggh","fp":""},"3eb16d6c28b502ac4cfee8f4a148df05f4d93229fa36a71db8b08d06329ff18a":{"appid":"giekcmmlnklenlaomppkphknjmnnpneh","fp":""},"4497d8060d0e53c12b4403aa9ebe7e827d4880bae3f4139a26a4feb7ed64c4a2":{"appid":"eeigpngbgcognadeebkilcpcaedhellh","fp":""},"4a06cfbce6f26c81ec6cba52e84985c0111183e0b06a953b14992b4511bb78af":{"appid":"jflhchccmppkfebkiaminageehmchikm","fp":""},"53cf0a62db37790f84c9d436e4b5a9073bd770c308ee297e20efbadc28249d43":{"appid":"pmagihnlncbcefglppponlgakiphldeh","fp":""},"545666a4efd056351597bb386aea1368105ededc976ed5650d8682daab9f37ff":{"appid":"ojhpjlocmbogdgmfpkhlaaeamibhnphh","fp":""},"56c21927faa028be6ce18c931660eec37e41da4bfbfd47cafa48350f828c0dbd":{"appid":"gonpemdgkjcecdgbnaabipppbmgfggbe","fp":""},"a02aa0594f76065c1ccb48221548b6ade3b6be5b50d24f226579e5d67d5e971d":{"appid":"gcmjkmgdlgnkkcocmoeiminaijmmjnii","fp":""},"a3dacd50f7c50b03c69ac3a5a24967e55f59b6596e295d33f3c76a12211fd389":{"appid":"mcfjlbnicoclaecapilmleaelokfnijm","fp":""},"abd78817d137324a488d33f2be78c1bcce014f22371fa586085f59d53d0290e8":{"appid":"lmelglejhemejginpboagddgdfbepgmp","fp":""},"abd93867c038d4d17c101ace2226d7e21303d984d7097271392bae6be478495b":{"appid":"hajigopbbjhghbfimgkfmpenfkclmohk","fp":""},"c52c62a7c50daf7d3f73ec16977cd4b0ea401710807d5dbe3850941dd1b73a70":{"appid":"jamhcnnkihinmdlkakkaopbjbbcngflc","fp":""},"caf22da361a099ee7f504cfd6018872cff61e16946d0a5a57fb07c529bfa8072":{"appid":"kiabhabjdbkjdpjbpigfodbdjmbglcoo","fp":""},"e0641760420061c4aea4ec2053316154b4c56768708fea1d68adde7bced41935":{"appid":"khaoiebndkojlmppeemjhbpbandiljpe","fp":""},"e444ba601ac72b669514e6788bc458ac6b4a3f4400f18ad9b297a84eb27009e5":{"appid":"laoigpblnllgcgjnjnllmfolckpjlhki","fp":""},"f93b9b08e2bde083dac4b5fede33fa4a1d644a1c2ddf4c40bf2ed56461adbfe5":{"appid":"efniojlnjndmcbiieegkicadnoecjjef","fp":""}}}